{
  "HTTP请求12" : {
    "transaction" : "HTTP请求12",
    "sampleCount" : 1000,
    "errorCount" : 0,
    "errorPct" : 0.0,
    "meanResTime" : 1472.6150000000002,
    "minResTime" : 7.0,
    "maxResTime" : 7921.0,
    "pct1ResTime" : 3607.6999999999994,
    "pct2ResTime" : 4236.799999999999,
    "pct3ResTime" : 5492.860000000001,
    "throughput" : 15.378937007874017,
    "receivedKBytesPerSec" : 6.593118502399114,
    "sentKBytesPerSec" : 5.7220458984375
  },
  "HTTP请求23" : {
    "transaction" : "HTTP请求23",
    "sampleCount" : 1000,
    "errorCount" : 0,
    "errorPct" : 0.0,
    "meanResTime" : 1148.0899999999988,
    "minResTime" : 18.0,
    "maxResTime" : 10581.0,
    "pct1ResTime" : 3021.2,
    "pct2ResTime" : 3652.5999999999995,
    "pct3ResTime" : 5488.210000000001,
    "throughput" : 19.01502186727515,
    "receivedKBytesPerSec" : 173.61929400789123,
    "sentKBytesPerSec" : 7.167771914812701
  },
  "HTTP请求13" : {
    "transaction" : "HTTP请求13",
    "sampleCount" : 1000,
    "errorCount" : 0,
    "errorPct" : 0.0,
    "meanResTime" : 1435.6709999999991,
    "minResTime" : 6.0,
    "maxResTime" : 7146.0,
    "pct1ResTime" : 3407.2,
    "pct2ResTime" : 4056.85,
    "pct3ResTime" : 5532.97,
    "throughput" : 15.590165723461642,
    "receivedKBytesPerSec" : 5.648390120511981,
    "sentKBytesPerSec" : 6.074683714512886
  },
  "HTTP请求24" : {
    "transaction" : "HTTP请求24",
    "sampleCount" : 1000,
    "errorCount" : 0,
    "errorPct" : 0.0,
    "meanResTime" : 976.2740000000003,
    "minResTime" : 9.0,
    "maxResTime" : 8097.0,
    "pct1ResTime" : 2695.9,
    "pct2ResTime" : 3439.9499999999985,
    "pct3ResTime" : 4994.96,
    "throughput" : 19.25743336928054,
    "receivedKBytesPerSec" : 19.595942940224926,
    "sentKBytesPerSec" : 7.240343600754891
  },
  "HTTP请求14" : {
    "transaction" : "HTTP请求14",
    "sampleCount" : 1000,
    "errorCount" : 0,
    "errorPct" : 0.0,
    "meanResTime" : 1396.5450000000005,
    "minResTime" : 5.0,
    "maxResTime" : 7382.0,
    "pct1ResTime" : 3274.0,
    "pct2ResTime" : 3935.5499999999993,
    "pct3ResTime" : 5376.67,
    "throughput" : 15.589436597761358,
    "receivedKBytesPerSec" : 5.648125954852992,
    "sentKBytesPerSec" : 6.074399611823028
  },
  "HTTP请求15" : {
    "transaction" : "HTTP请求15",
    "sampleCount" : 1000,
    "errorCount" : 0,
    "errorPct" : 0.0,
    "meanResTime" : 1497.3930000000016,
    "minResTime" : 6.0,
    "maxResTime" : 7981.0,
    "pct1ResTime" : 3424.2,
    "pct2ResTime" : 4363.8499999999985,
    "pct3ResTime" : 5582.76,
    "throughput" : 15.95150741745095,
    "receivedKBytesPerSec" : 5.779305910033498,
    "sentKBytesPerSec" : 6.324523448715904
  },
  "HTTP请求20" : {
    "transaction" : "HTTP请求20",
    "sampleCount" : 1000,
    "errorCount" : 0,
    "errorPct" : 0.0,
    "meanResTime" : 1424.8769999999993,
    "minResTime" : 35.0,
    "maxResTime" : 11203.0,
    "pct1ResTime" : 3398.7,
    "pct2ResTime" : 4038.2999999999993,
    "pct3ResTime" : 6987.52,
    "throughput" : 17.729867735186698,
    "receivedKBytesPerSec" : 577.3349820263466,
    "sentKBytesPerSec" : 6.769900668416014
  },
  "HTTP请求" : {
    "transaction" : "HTTP请求",
    "sampleCount" : 1000,
    "errorCount" : 0,
    "errorPct" : 0.0,
    "meanResTime" : 1461.1059999999995,
    "minResTime" : 72.0,
    "maxResTime" : 9345.0,
    "pct1ResTime" : 3436.8,
    "pct2ResTime" : 4401.499999999998,
    "pct3ResTime" : 6527.270000000001,
    "throughput" : 99.9000999000999,
    "receivedKBytesPerSec" : 842.6756836913087,
    "sentKBytesPerSec" : 37.16986138861139
  },
  "HTTP请求10" : {
    "transaction" : "HTTP请求10",
    "sampleCount" : 1000,
    "errorCount" : 0,
    "errorPct" : 0.0,
    "meanResTime" : 1636.666,
    "minResTime" : 11.0,
    "maxResTime" : 29466.0,
    "pct1ResTime" : 3758.8,
    "pct2ResTime" : 4383.549999999998,
    "pct3ResTime" : 5868.26,
    "throughput" : 26.34768403857301,
    "receivedKBytesPerSec" : 66.89841650418929,
    "sentKBytesPerSec" : 10.11195295621015
  },
  "HTTP请求21" : {
    "transaction" : "HTTP请求21",
    "sampleCount" : 1000,
    "errorCount" : 1,
    "errorPct" : 0.1,
    "meanResTime" : 1277.2150000000006,
    "minResTime" : 18.0,
    "maxResTime" : 21001.0,
    "pct1ResTime" : 3204.7,
    "pct2ResTime" : 4077.7499999999995,
    "pct3ResTime" : 6055.850000000002,
    "throughput" : 18.333822235259607,
    "receivedKBytesPerSec" : 154.52925261600726,
    "sentKBytesPerSec" : 6.8146494974240985
  },
  "HTTP请求11" : {
    "transaction" : "HTTP请求11",
    "sampleCount" : 1000,
    "errorCount" : 0,
    "errorPct" : 0.0,
    "meanResTime" : 1593.6890000000037,
    "minResTime" : 16.0,
    "maxResTime" : 54342.0,
    "pct1ResTime" : 3728.7,
    "pct2ResTime" : 4189.799999999999,
    "pct3ResTime" : 5443.620000000001,
    "throughput" : 15.338834862103875,
    "receivedKBytesPerSec" : 59.72259237813295,
    "sentKBytesPerSec" : 5.976753037089303
  },
  "HTTP请求22" : {
    "transaction" : "HTTP请求22",
    "sampleCount" : 1000,
    "errorCount" : 0,
    "errorPct" : 0.0,
    "meanResTime" : 1126.3100000000002,
    "minResTime" : 9.0,
    "maxResTime" : 7062.0,
    "pct1ResTime" : 2968.7,
    "pct2ResTime" : 3689.049999999999,
    "pct3ResTime" : 6168.39,
    "throughput" : 18.339201877934272,
    "receivedKBytesPerSec" : 6.64437880538439,
    "sentKBytesPerSec" : 6.895110081059272
  },
  "HTTP请求2" : {
    "transaction" : "HTTP请求2",
    "sampleCount" : 1000,
    "errorCount" : 0,
    "errorPct" : 0.0,
    "meanResTime" : 1394.2540000000008,
    "minResTime" : 12.0,
    "maxResTime" : 10069.0,
    "pct1ResTime" : 3276.5,
    "pct2ResTime" : 4039.249999999999,
    "pct3ResTime" : 5702.170000000002,
    "throughput" : 79.75753708725475,
    "receivedKBytesPerSec" : 48.758025602169404,
    "sentKBytesPerSec" : 29.831188187908758
  },
  "HTTP请求16" : {
    "transaction" : "HTTP请求16",
    "sampleCount" : 1000,
    "errorCount" : 0,
    "errorPct" : 0.0,
    "meanResTime" : 1283.6099999999992,
    "minResTime" : 6.0,
    "maxResTime" : 6441.0,
    "pct1ResTime" : 3181.899999999999,
    "pct2ResTime" : 3807.3499999999976,
    "pct3ResTime" : 5309.9400000000005,
    "throughput" : 15.98976654940838,
    "receivedKBytesPerSec" : 11.305264630636392,
    "sentKBytesPerSec" : 5.886857411256796
  },
  "HTTP请求17" : {
    "transaction" : "HTTP请求17",
    "sampleCount" : 1000,
    "errorCount" : 0,
    "errorPct" : 0.0,
    "meanResTime" : 1308.7979999999993,
    "minResTime" : 10.0,
    "maxResTime" : 13230.0,
    "pct1ResTime" : 3250.8,
    "pct2ResTime" : 3924.5499999999993,
    "pct3ResTime" : 5373.85,
    "throughput" : 16.638935108153078,
    "receivedKBytesPerSec" : 46.017054908485854,
    "sentKBytesPerSec" : 6.190853785357737
  },
  "HTTP请求18" : {
    "transaction" : "HTTP请求18",
    "sampleCount" : 1000,
    "errorCount" : 0,
    "errorPct" : 0.0,
    "meanResTime" : 1305.3589999999983,
    "minResTime" : 8.0,
    "maxResTime" : 9037.0,
    "pct1ResTime" : 3236.2999999999997,
    "pct2ResTime" : 3820.8999999999996,
    "pct3ResTime" : 5556.96,
    "throughput" : 16.935374610486384,
    "receivedKBytesPerSec" : 6.086150250643544,
    "sentKBytesPerSec" : 6.483073093076818
  },
  "HTTP请求19" : {
    "transaction" : "HTTP请求19",
    "sampleCount" : 1000,
    "errorCount" : 0,
    "errorPct" : 0.0,
    "meanResTime" : 1254.5130000000008,
    "minResTime" : 6.0,
    "maxResTime" : 7405.0,
    "pct1ResTime" : 3239.3999999999996,
    "pct2ResTime" : 3994.6499999999996,
    "pct3ResTime" : 6301.960000000003,
    "throughput" : 16.933367200067735,
    "receivedKBytesPerSec" : 6.085428837524342,
    "sentKBytesPerSec" : 6.465768139869613
  },
  "HTTP请求9" : {
    "transaction" : "HTTP请求9",
    "sampleCount" : 1000,
    "errorCount" : 0,
    "errorPct" : 0.0,
    "meanResTime" : 1664.6830000000016,
    "minResTime" : 21.0,
    "maxResTime" : 29753.0,
    "pct1ResTime" : 3767.9,
    "pct2ResTime" : 4545.149999999999,
    "pct3ResTime" : 6649.6,
    "throughput" : 25.129416494948988,